Alabama,United States
Alaska,United States
Arizona,United States
Arkansas,United States
California,United States
Colorado,United States
Connecticut,United States
Delaware,United States
District of Columbia,United States
Florida,United States
Georgia,United States
Hawaii,United States
Idaho,United States
Illinois,United States
Indiana,United States
Iowa,United States
Kansas,United States
Kentucky,United States
Louisiana,United States
Maine,United States
Maryland,United States
Massachusetts,United States
Michigan,United States
Minnesota,United States
Mississippi,United States
Missouri,United States
Montana,United States
Nebraska,United States
Nevada,United States
New Hampshire,United States
New Jersey,United States
New Mexico,United States
New York,United States
North Carolina,United States
North Dakota,United States
Ohio,United States
Oklahoma,United States
Oregon,United States
Pennsylvania,United States
Rhode Island,United States
South Carolina,United States
South Dakota,United States
Tennessee,United States
Texas,United States
Utah,United States
Vermont,United States
Virginia,United States
Washington,United States
West Virginia,United States
Wisconsin,United States
Wyoming,United States
AL,United States
AK,United States
AZ,United States
AR,United States
CA,United States
CO,United States
CT,United States
DE,United States
DC,United States
FL,United States
GA,United States
HI,United States
ID,United States
IL,United States
IN,United States
IA,United States
KS,United States
KY,United States
LA,United States
ME,United States
MD,United States
MA,United States
MI,United States
MN,United States
MS,United States
MO,United States
MT,United States
NE,United States
NV,United States
NH,United States
NJ,United States
NM,United States
NY,United States
NC,United States
ND,United States
OH,United States
OK,United States
OR,United States
PA,United States
RI,United States
SC,United States
SD,United States
TN,United States
TX,United States
UT,United States
VT,United States
VA,United States
WA,United States
WV,United States
WI,United States
WY,United States
